start_token_n_1based,segment_size_c,layer_idx,unique_expert_count_mean,count,std,min,max
-1,2,0,15.238932291666666,15360,1.2053097388145118,8,16
-1,2,1,14.067057291666666,15360,1.5220011386177537,8,16
-1,2,2,13.79765625,15360,1.7292314094230203,8,16
-1,2,3,13.178190104166667,15360,1.7285945663295872,8,16
-1,2,4,13.042643229166666,15360,1.9007379578690997,8,16
-1,2,5,12.8232421875,15360,1.8748718304013436,8,16
-1,2,6,11.818619791666666,15360,1.8666508403278923,8,16
-1,2,7,11.530794270833333,15360,1.6887781864794518,8,16
-1,2,8,12.019856770833334,15360,1.6034938025518883,8,16
-1,2,9,11.980143229166666,15360,1.6296328068479204,8,16
-1,2,10,12.4607421875,15360,1.7917551684593829,8,16
-1,2,11,12.554427083333334,15360,1.7060975536139906,8,16
-1,2,12,12.3787109375,15360,1.7422647864611416,8,16
-1,2,13,13.027864583333333,15360,1.705478737011823,8,16
-1,2,14,12.344401041666666,15360,1.6101628555784913,8,16
-1,2,15,11.979296875,15360,1.6318780606111765,8,16
-1,2,16,12.370963541666667,15360,1.5036091688200182,8,16
-1,2,17,12.866276041666667,15360,1.6269615163270852,8,16
-1,2,18,11.307877604166666,15360,1.726856429411842,8,16
-1,2,19,11.217057291666666,15360,1.5968899022246383,8,16
-1,2,20,11.6873046875,15360,1.6070666511309728,8,16
-1,2,21,11.853255208333334,15360,1.636933680527059,8,16
-1,2,22,12.353255208333334,15360,1.7632376235464897,8,16
-1,2,23,12.5494140625,15360,1.7510331928422214,8,16
-1,2,24,12.39609375,15360,1.8431595605116602,8,16
-1,2,25,13.050716145833333,15360,1.8533986098039146,8,16
-1,2,26,12.418229166666666,15360,1.6663816031147407,8,16
-1,2,27,11.993489583333334,15360,1.7122468020591386,8,16
-1,2,28,12.3326171875,15360,1.6001346627087902,8,16
-1,2,29,12.763151041666667,15360,1.7078491483239342,8,16
-1,2,30,11.056510416666667,15360,1.6061715436692239,8,16
-1,2,31,10.928580729166667,15360,1.5666010201779756,8,16
-1,2,32,11.519661458333333,15360,1.5967621023527812,8,16
-1,2,33,11.69140625,15360,1.6355813495511065,8,16
-1,2,34,12.390299479166666,15360,1.7861654584291653,8,16
-1,2,35,12.654622395833334,15360,1.7975316359980793,8,16
-1,2,36,12.510091145833334,15360,1.787828353484911,8,16
-1,2,37,13.3578125,15360,1.828571102484376,8,16
-1,2,38,12.750390625,15360,1.7122401228926079,8,16
-1,2,39,12.301692708333333,15360,1.7592584512144191,8,16
-1,2,40,12.679752604166667,15360,1.7575875721642347,8,16
-1,2,41,13.138932291666666,15360,1.8800808450585866,8,16
-1,2,42,13.168619791666666,15360,1.9168752572806997,8,16
-1,2,43,12.373763020833334,15360,1.7994947330252302,8,16
-1,2,44,12.459114583333333,15360,1.715949772727389,8,16
-1,2,45,12.332747395833334,15360,1.8755875101843846,8,16
-1,2,46,12.990690104166667,15360,2.1124650390573074,8,16
-1,2,47,14.053580729166667,15360,2.0870580069598867,8,16
-1,4,0,27.560416666666665,7680,2.649955505985804,10,32
-1,4,1,24.401302083333334,7680,2.9553958716766804,13,32
-1,4,2,23.150260416666665,7680,3.048221201143588,13,32
-1,4,3,21.821484375,7680,3.054146406432852,11,31
-1,4,4,21.008333333333333,7680,3.0440501415143353,11,31
-1,4,5,20.50625,7680,3.1586042535964216,9,30
-1,4,6,17.203515625,7680,2.975196003465042,8,28
-1,4,7,16.505859375,7680,2.685438839202911,9,27
-1,4,8,18.111588541666666,7680,2.7412000013784454,9,28
-1,4,9,17.948177083333334,7680,2.7389188711569856,10,29
-1,4,10,19.275130208333334,7680,3.0229759984488327,8,29
-1,4,11,19.584375,7680,2.8696408347806703,10,30
-1,4,12,19.029036458333334,7680,2.8467504513993243,11,29
-1,4,13,20.896744791666666,7680,2.998222302221294,10,31
-1,4,14,18.857552083333335,7680,2.8119922986169454,10,29
-1,4,15,17.775130208333334,7680,2.758657302378575,10,28
-1,4,16,19.0984375,7680,2.6408883138214865,9,29
-1,4,17,20.352734375,7680,2.8603254121669606,11,29
-1,4,18,15.648307291666667,7680,2.8868282897544946,9,27
-1,4,19,15.45234375,7680,2.542785535086468,9,25
-1,4,20,16.898697916666666,7680,2.75536359064016,9,27
-1,4,21,17.270963541666667,7680,2.7672466414197197,9,28
-1,4,22,18.683723958333335,7680,3.030400414047798,8,28
-1,4,23,19.330989583333334,7680,2.975364939006934,10,30
-1,4,24,18.7375,7680,2.942890900093008,9,30
-1,4,25,20.78046875,7680,3.1351854780592414,10,31
-1,4,26,18.904427083333335,7680,2.8167048037000995,8,29
-1,4,27,17.786197916666666,7680,2.9716053684561747,8,29
-1,4,28,19.054557291666665,7680,2.838679054631579,9,29
-1,4,29,20.159114583333334,7680,3.1174759554401303,10,30
-1,4,30,15.214583333333334,7680,2.810097661863447,8,27
-1,4,31,14.938541666666667,7680,2.7283817828231243,8,26
-1,4,32,16.715625,7680,2.8902962383391504,9,28
-1,4,33,17.120442708333332,7680,2.9182013758581,8,30
-1,4,34,19.047135416666666,7680,3.1115255036158516,10,30
-1,4,35,19.848958333333332,7680,3.1562346015203246,10,29
-1,4,36,19.378125,7680,3.0484203958368123,10,31
-1,4,37,21.934635416666666,7680,3.399347795606538,10,31
-1,4,38,20.045963541666666,7680,3.0614825594181467,10,30
-1,4,39,18.763151041666667,7680,3.074500812717554,9,31
-1,4,40,19.996614583333333,7680,3.100477217513578,8,31
-1,4,41,21.194921875,7680,3.2046408339280585,9,32
-1,4,42,21.081770833333334,7680,3.195350996806797,9,32
-1,4,43,18.762109375,7680,2.908698215084609,10,28
-1,4,44,18.916927083333334,7680,2.7764520451469576,10,30
-1,4,45,18.525911458333333,7680,3.0390273789144797,9,30
-1,4,46,20.224609375,7680,3.2945741980990766,9,31
-1,4,47,23.288671875,7680,3.5884270590410003,9,32
-1,6,0,37.44274509803922,5100,3.80326862571994,21,47
-1,6,1,32.807450980392154,5100,3.6927739040246377,19,43
-1,6,2,30.366470588235295,5100,3.769960708026592,15,43
-1,6,3,28.659411764705883,5100,3.7157113362740417,16,41
-1,6,4,27.083529411764705,5100,3.639426314802956,13,40
-1,6,5,26.32764705882353,5100,3.7423256574853347,11,38
-1,6,6,21.101960784313725,5100,3.501743056065572,11,35
-1,6,7,20.077450980392157,5100,3.1871852789725827,10,35
-1,6,8,22.779215686274508,5100,3.383780425382016,12,38
-1,6,9,22.501960784313727,5100,3.354079466397096,12,37
-1,6,10,24.502745098039217,5100,3.672965683325921,13,37
-1,6,11,25.03078431372549,5100,3.510669777586785,14,36
-1,6,12,24.132549019607843,5100,3.4015557987311773,14,35
-1,6,13,26.77686274509804,5100,3.628947858822939,13,40
-1,6,14,23.767254901960783,5100,3.414570591696286,12,38
-1,6,15,22.034901960784314,5100,3.364961043791827,12,37
-1,6,16,24.14294117647059,5100,3.2488716306430376,13,37
-1,6,17,25.81392156862745,5100,3.4399112094604725,13,37
-1,6,18,18.77764705882353,5100,3.5241539500816996,9,33
-1,6,19,18.49607843137255,5100,3.0453499018079295,10,32
-1,6,20,20.801176470588235,5100,3.345573188708828,11,34
-1,6,21,21.262549019607842,5100,3.4406817938683614,11,35
-1,6,22,23.410980392156862,5100,3.680689741813772,12,37
-1,6,23,24.412549019607845,5100,3.5649906091449712,13,37
-1,6,24,23.327843137254902,5100,3.485544245156011,13,37
-1,6,25,26.49607843137255,5100,3.7446155779149706,12,39
-1,6,26,23.661176470588234,5100,3.4728237210101103,13,36
-1,6,27,22.000196078431372,5100,3.6046808764722136,11,39
-1,6,28,24.08137254901961,5100,3.4464277685777365,11,36
-1,6,29,25.624117647058824,5100,3.790204070668959,13,40
-1,6,30,18.173529411764704,5100,3.4393699758342953,10,33
-1,6,31,17.881960784313726,5100,3.343595576196907,9,31
-1,6,32,20.67235294117647,5100,3.5790323820365426,11,36
-1,6,33,21.180392156862744,5100,3.5873117364328837,12,34
-1,6,34,24.10843137254902,5100,3.7422086792920335,13,38
-1,6,35,25.29980392156863,5100,3.7600776480259603,13,38
-1,6,36,24.473529411764705,5100,3.7242526958959834,12,38
-1,6,37,28.35549019607843,5100,4.06667552532798,11,41
-1,6,38,25.45470588235294,5100,3.7466475060485767,13,37
-1,6,39,23.498823529411766,5100,3.7822935952138224,11,38
-1,6,40,25.37549019607843,5100,3.707535572119971,10,37
-1,6,41,27.140588235294118,5100,3.8454196203201607,13,42
-1,6,42,26.749019607843138,5100,3.8183079245338534,11,41
-1,6,43,23.28921568627451,5100,3.59851156997828,11,39
-1,6,44,23.456470588235295,5100,3.471378404492873,12,40
-1,6,45,22.892745098039217,5100,3.851996412480488,12,38
-1,6,46,25.415294117647058,5100,4.144014817466101,11,42
-1,6,47,29.66392156862745,5100,4.603859359055806,12,45
-1,8,0,45.60494791666667,3840,4.634202045496597,24,58
-1,8,1,39.64661458333333,3840,4.155403214661824,23,52
-1,8,2,36.061197916666664,3840,4.267758006015791,18,50
-1,8,3,34.268229166666664,3840,4.097843572903919,19,48
-1,8,4,31.959635416666668,3840,3.990766351113575,16,49
-1,8,5,31.046614583333334,3840,4.085969104661315,15,46
-1,8,6,24.1984375,3840,3.8477399930583682,11,40
-1,8,7,22.971875,3840,3.577991337460218,11,36
-1,8,8,26.60859375,3840,3.868599635923977,15,43
-1,8,9,26.254947916666666,3840,3.8079517434896464,14,40
-1,8,10,28.777083333333334,3840,4.093119765824473,16,42
-1,8,11,29.555208333333333,3840,3.956269678173146,16,43
-1,8,12,28.297135416666666,3840,3.775200761437663,16,41
-1,8,13,31.411458333333332,3840,4.031198203552563,17,47
-1,8,14,27.668489583333333,3840,3.730606262960166,15,43
-1,8,15,25.44453125,3840,3.7588199709366865,13,40
-1,8,16,28.08359375,3840,3.6618662588344892,16,45
-1,8,17,30.078385416666666,3840,3.796853895314654,15,42
-1,8,18,21.244270833333335,3840,3.8996554759404605,10,37
-1,8,19,20.92109375,3840,3.395563176454779,11,35
-1,8,20,23.9578125,3840,3.72439301291704,12,40
-1,8,21,24.475,3840,3.8711198843015766,14,40
-1,8,22,27.1921875,3840,4.0629382164917205,13,42
-1,8,23,28.49921875,3840,3.958300409897678,16,44
-1,8,24,26.96328125,3840,3.7760926099430954,15,41
-1,8,25,30.934895833333332,3840,4.108255209255438,13,44
-1,8,26,27.321614583333332,3840,3.7272818311485993,16,42
-1,8,27,25.34609375,3840,3.9487812689935455,12,43
-1,8,28,28.028125,3840,3.805952293121254,11,44
-1,8,29,29.88359375,3840,4.186675747860827,15,45
-1,8,30,20.529947916666668,3840,3.8190565610242015,11,35
-1,8,31,20.296875,3840,3.7462341080324153,9,35
-1,8,32,23.917708333333334,3840,3.9703904035479796,13,40
-1,8,33,24.512760416666666,3840,3.978889812698394,14,40
-1,8,34,28.207291666666666,3840,4.140379743609309,16,42
-1,8,35,29.681770833333335,3840,4.16453489140979,14,44
-1,8,36,28.504166666666666,3840,4.131276814759594,16,43
-1,8,37,33.25390625,3840,4.499412175616664,16,48
-1,8,38,29.59765625,3840,4.226504978831814,17,44
-1,8,39,27.189583333333335,3840,4.332795132252465,12,42
-1,8,40,29.469791666666666,3840,4.131735885280965,14,45
-1,8,41,31.648697916666666,3840,4.285679294433859,13,47
-1,8,42,30.953385416666666,3840,4.225681416111767,13,47
-1,8,43,26.707291666666666,3840,4.217670682283915,15,43
-1,8,44,26.817447916666666,3840,4.125759175037321,15,43
-1,8,45,26.1953125,3840,4.502134471784665,13,45
-1,8,46,29.417447916666667,3840,4.853300678754766,14,46
-1,8,47,34.38359375,3840,5.413747813043912,13,54
-1,10,0,52.2202614379085,3060,5.298835161331811,26,70
-1,10,1,45.26633986928105,3060,4.669527746758726,23,63
-1,10,2,40.62875816993464,3060,4.6796796397032985,18,56
-1,10,3,38.83562091503268,3060,4.472805384681827,19,54
-1,10,4,35.83039215686274,3060,4.381563111743806,17,52
-1,10,5,34.75,3060,4.282052756457816,17,48
-1,10,6,26.71797385620915,3060,4.181624032381251,12,43
-1,10,7,25.28627450980392,3060,3.9560028635266944,12,40
-1,10,8,29.68660130718954,3060,4.223505987789846,15,45
-1,10,9,29.29901960784314,3060,4.242848609282346,17,47
-1,10,10,32.33104575163399,3060,4.466564267554334,17,45
-1,10,11,33.23006535947712,3060,4.370771070106454,19,47
-1,10,12,31.71764705882353,3060,4.174599285611857,17,46
-1,10,13,35.09705882352941,3060,4.473823233150972,21,50
-1,10,14,30.85424836601307,3060,4.143668481378592,15,45
-1,10,15,28.205555555555556,3060,4.140697540446908,13,45
-1,10,16,31.24019607843137,3060,4.010139807499931,17,47
-1,10,17,33.4375816993464,3060,4.222833606639138,17,48
-1,10,18,23.29313725490196,3060,4.231146512647802,11,39
-1,10,19,22.88921568627451,3060,3.6816538044841907,11,37
-1,10,20,26.601307189542485,3060,4.114954697747216,14,42
-1,10,21,27.129411764705882,3060,4.188074139985957,15,43
-1,10,22,30.347385620915034,3060,4.407033557957494,17,47
-1,10,23,31.86470588235294,3060,4.295248834271943,17,46
-1,10,24,29.92156862745098,3060,4.10611040816926,18,44
-1,10,25,34.45294117647059,3060,4.416980501101487,17,52
-1,10,26,30.288235294117648,3060,4.161019331833442,16,46
-1,10,27,28.02483660130719,3060,4.327327594705474,15,47
-1,10,28,31.208496732026145,3060,4.229945824165294,15,48
-1,10,29,33.23300653594771,3060,4.57185794188974,17,51
-1,10,30,22.476470588235294,3060,4.177779679149737,11,38
-1,10,31,22.266013071895426,3060,4.109146120980475,10,38
-1,10,32,26.59575163398693,3060,4.381711254509515,14,43
-1,10,33,27.200653594771243,3060,4.389606982208965,14,45
-1,10,34,31.55457516339869,3060,4.501639160533459,16,47
-1,10,35,33.187254901960785,3060,4.456161201255828,19,52
-1,10,36,31.79673202614379,3060,4.46926839944054,18,52
-1,10,37,37.044117647058826,3060,4.8429079565412225,16,52
-1,10,38,32.94934640522876,3060,4.693033818819823,17,48
-1,10,39,30.13888888888889,3060,4.784604417495044,16,47
-1,10,40,32.65457516339869,3060,4.595287534128657,15,51
-1,10,41,35.15359477124183,3060,4.725613072805057,15,53
-1,10,42,34.23692810457516,3060,4.6743311183298255,15,52
-1,10,43,29.386601307189544,3060,4.784046806031443,16,50
-1,10,44,29.466013071895425,3060,4.679581703151312,17,48
-1,10,45,28.89183006535948,3060,5.061737054061279,16,49
-1,10,46,32.605555555555554,3060,5.435373394208878,16,52
-1,10,47,38.08300653594771,3060,6.124856413041519,15,58
-1,12,0,57.712941176470586,2550,5.8772547634756,33,74
-1,12,1,49.92156862745098,2550,4.894585671919607,28,66
-1,12,2,44.42235294117647,2550,4.948464336227721,24,60
-1,12,3,42.62235294117647,2550,4.673797224445513,26,57
-1,12,4,39.01843137254902,2550,4.626078436098568,21,55
-1,12,5,37.86627450980392,2550,4.518798172027027,15,53
-1,12,6,28.778039215686274,2550,4.38283547949958,13,46
-1,12,7,27.207450980392156,2550,4.179817488538724,12,43
-1,12,8,32.287058823529414,2550,4.45155576637474,18,49
-1,12,9,31.894117647058824,2550,4.485074492043415,18,47
-1,12,10,35.33686274509804,2550,4.772651382296053,20,52
-1,12,11,36.43058823529412,2550,4.630955513422653,21,51
-1,12,12,34.606274509803924,2550,4.404547545120117,20,48
-1,12,13,38.127450980392155,2550,4.789224633465125,22,53
-1,12,14,33.51176470588236,2550,4.465426536637783,21,51
-1,12,15,30.51764705882353,2550,4.400537873359762,18,48
-1,12,16,33.846666666666664,2550,4.282631937826874,20,51
-1,12,17,36.1721568627451,2550,4.342055019884727,17,51
-1,12,18,25.082745098039215,2550,4.4643894498344965,12,41
-1,12,19,24.556470588235292,2550,3.9806006747935854,13,40
-1,12,20,28.77294117647059,2550,4.374375836939449,16,44
-1,12,21,29.341960784313727,2550,4.527056111049717,16,47
-1,12,22,33.01529411764706,2550,4.681642132819722,19,49
-1,12,23,34.679607843137255,2550,4.476399014788674,20,52
-1,12,24,32.4156862745098,2550,4.327300389147107,19,50
-1,12,25,37.35843137254902,2550,4.652135756309302,20,54
-1,12,26,32.712941176470586,2550,4.496364118579404,20,49
-1,12,27,30.321176470588235,2550,4.609419308284651,15,48
-1,12,28,33.7278431372549,2550,4.483049595406511,13,51
-1,12,29,35.966274509803924,2550,4.802375327984771,20,55
-1,12,30,24.12078431372549,2550,4.526578950969655,13,40
-1,12,31,23.961176470588235,2550,4.383765677870249,12,41
-1,12,32,28.854901960784314,2550,4.67551713343888,15,46
-1,12,33,29.483137254901962,2550,4.713642833005515,16,46
-1,12,34,34.371764705882356,2550,4.757252399838827,19,50
-1,12,35,36.14941176470588,2550,4.790637287143155,19,57
-1,12,36,34.473333333333336,2550,4.863281316706283,20,54
-1,12,37,40.08862745098039,2550,5.162102379771082,16,60
-1,12,38,35.588235294117645,2550,5.0907668425728145,21,52
-1,12,39,32.596862745098036,2550,5.259137088127168,14,50
-1,12,40,35.18274509803921,2550,5.064543816957013,16,55
-1,12,41,37.88078431372549,2550,5.113224050711123,17,56
-1,12,42,36.79686274509804,2550,5.093891868423152,16,54
-1,12,43,31.51607843137255,2550,5.289383312590072,19,49
-1,12,44,31.468235294117648,2550,5.153543843440421,18,50
-1,12,45,30.974117647058822,2550,5.481818150332021,17,52
-1,12,46,35.082352941176474,2550,5.928523715183068,19,56
-1,12,47,40.9078431372549,2550,6.6384918175821115,18,62
-1,14,0,62.24383561643835,2190,6.188075292443766,34,80
-1,14,1,53.87808219178082,2190,5.287808363472536,34,72
-1,14,2,47.531050228310505,2190,5.032166453556297,28,68
-1,14,3,45.94885844748858,2190,4.871968474253977,31,64
-1,14,4,41.73835616438356,2190,4.736794443492868,24,56
-1,14,5,40.443835616438356,2190,4.6840120447603475,21,56
-1,14,6,30.634703196347033,2190,4.519677426215134,16,46
-1,14,7,28.91415525114155,2190,4.361458613438374,16,45
-1,14,8,34.60776255707763,2190,4.737710076946209,20,52
-1,14,9,34.21050228310502,2190,4.7495501673220515,21,51
-1,14,10,37.92191780821918,2190,4.986305959303267,23,53
-1,14,11,39.14931506849315,2190,4.81594418548608,23,55
-1,14,12,37.089497716894975,2190,4.648958800571869,22,54
-1,14,13,40.69315068493151,2190,5.0812402875556355,23,58
-1,14,14,35.78493150684932,2190,4.647742332496113,23,56
-1,14,15,32.51598173515982,2190,4.591237440288421,20,48
-1,14,16,36.10867579908676,2190,4.427794142504297,21,52
-1,14,17,38.48721461187215,2190,4.534278458267573,23,52
-1,14,18,26.67351598173516,2190,4.663533478759493,13,42
-1,14,19,26.024657534246575,2190,4.190892063441229,15,41
-1,14,20,30.694977168949773,2190,4.568160248216387,18,47
-1,14,21,31.28904109589041,2190,4.8032099147168115,16,47
-1,14,22,35.3013698630137,2190,4.879128121344124,21,51
-1,14,23,37.13059360730593,2190,4.738027407397816,22,54
-1,14,24,34.518264840182646,2190,4.564484893379309,21,49
-1,14,25,39.8041095890411,2190,4.906664853847755,25,57
-1,14,26,34.815981735159816,2190,4.73215146493679,21,52
-1,14,27,32.26438356164383,2190,4.796923119104812,18,48
-1,14,28,35.96073059360731,2190,4.696967074017435,20,53
-1,14,29,38.21187214611872,2190,5.025457863278465,22,54
-1,14,30,25.61324200913242,2190,4.799469666803323,14,44
-1,14,31,25.430593607305937,2190,4.62741301631176,13,44
-1,14,32,30.769406392694062,2190,4.922355109199724,16,47
-1,14,33,31.50228310502283,2190,4.948685452136895,18,48
-1,14,34,36.789954337899545,2190,5.012701044930228,20,55
-1,14,35,38.6337899543379,2190,4.958958998216575,20,54
-1,14,36,36.78904109589041,2190,5.120321884613928,23,53
-1,14,37,42.59315068493151,2190,5.402167697678325,20,62
-1,14,38,37.842465753424655,2190,5.331781105796935,21,54
-1,14,39,34.65981735159817,2190,5.495858481699076,19,51
-1,14,40,37.337899543378995,2190,5.266925092114722,21,61
-1,14,41,40.11187214611872,2190,5.385020224287877,22,59
-1,14,42,38.95616438356164,2190,5.413963967247823,19,59
-1,14,43,33.40547945205479,2190,5.705420240593985,20,54
-1,14,44,33.24977168949772,2190,5.625854582496051,22,55
-1,14,45,32.84200913242009,2190,5.9204925205271435,18,53
-1,14,46,37.27762557077626,2190,6.3786849417849885,21,60
-1,14,47,43.38356164383562,2190,7.102197532096292,19,69
-1,16,0,66.20364583333334,1920,6.330376838032554,39,85
-1,16,1,57.3265625,1920,5.474667860010884,38,75
-1,16,2,50.15416666666667,1920,5.185579810509669,30,69
-1,16,3,48.74635416666667,1920,5.073378931005959,31,67
-1,16,4,44.092708333333334,1920,4.9364643743642755,24,60
-1,16,5,42.692708333333336,1920,4.804825279874731,21,57
-1,16,6,32.155208333333334,1920,4.730008417908966,16,48
-1,16,7,30.36875,1920,4.509206897816545,18,47
-1,16,8,36.5765625,1920,4.922682307526432,23,55
-1,16,9,36.2296875,1920,4.992631768023621,21,56
-1,16,10,40.23854166666667,1920,5.104369171219423,23,55
-1,16,11,41.54114583333333,1920,5.080936870151109,24,61
-1,16,12,39.31458333333333,1920,4.89237965303654,24,57
-1,16,13,42.93125,1920,5.340560529002511,25,59
-1,16,14,37.71145833333333,1920,4.838622834137878,25,58
-1,16,15,34.30260416666667,1920,4.827681330002808,19,49
-1,16,16,38.00416666666667,1920,4.542197879574417,24,53
-1,16,17,40.42239583333333,1920,4.65777418227556,25,56
-1,16,18,27.929166666666667,1920,4.84164918062614,15,45
-1,16,19,27.245833333333334,1920,4.2897873479587485,16,45
-1,16,20,32.35208333333333,1920,4.714904447965833,17,51
-1,16,21,32.984375,1920,5.0082543252253675,17,50
-1,16,22,37.24635416666667,1920,5.015997050353401,22,57
-1,16,23,39.17604166666667,1920,4.936622715338278,24,55
-1,16,24,36.37708333333333,1920,4.6600422286757786,22,54
-1,16,25,41.8828125,1920,5.071486508940949,25,58
-1,16,26,36.49947916666667,1920,4.965225581494341,24,56
-1,16,27,33.93697916666667,1920,5.043705516351873,18,51
-1,16,28,37.8265625,1920,4.846859881408299,22,55
-1,16,29,40.192708333333336,1920,5.184691958231889,22,58
-1,16,30,26.835416666666667,1920,4.916286790187262,15,45
-1,16,31,26.7125,1920,4.773193559738432,12,45
-1,16,32,32.46822916666667,1920,5.048181712558002,19,51
-1,16,33,33.213541666666664,1920,5.1409749774678755,19,52
-1,16,34,38.84427083333333,1920,5.146040078893002,23,57
-1,16,35,40.766666666666666,1920,5.164489054564786,24,56
-1,16,36,38.775,1920,5.305704010732677,23,56
-1,16,37,44.725,1920,5.637513005939,23,65
-1,16,38,39.7421875,1920,5.5881482758552705,24,59
-1,16,39,36.5015625,1920,5.797880841970294,18,58
-1,16,40,39.18541666666667,1920,5.441813662636473,25,59
-1,16,41,42.065104166666664,1920,5.61361693944907,23,60
-1,16,42,40.840625,1920,5.607225260077278,22,59
-1,16,43,35.025,1920,6.086607857077407,21,56
-1,16,44,34.81458333333333,1920,5.838542922991113,21,54
-1,16,45,34.502604166666664,1920,6.261289417438298,18,59
-1,16,46,39.190625,1920,6.735153175778457,21,61
-1,16,47,45.56614583333333,1920,7.335253255522324,19,74
