algorithm,cache_ratio,step,iso_alpha_mean,iso_alpha_std,seq_alpha_mean,seq_alpha_std,iso_total,seq_total,alpha_decay,iso_stop_rate,seq_stop_rate
SkipAll,0.500,1,0.9122,0.0727,0.9122,0.0727,0.6846,0.7289,0.6326,0.0000,0.0000
SkipAll,0.500,2,0.7115,0.2379,0.9159,0.1158,0.6846,0.7289,0.6326,0.0000,0.0000
SkipAll,0.500,3,0.6918,0.1927,0.8075,0.3223,0.6846,0.7289,0.6326,0.0000,0.0000
SkipAll,0.500,4,0.6851,0.2891,0.7525,0.3494,0.6846,0.7289,0.6326,0.0000,0.0000
SkipAll,0.500,5,0.6546,0.2851,0.6365,0.4398,0.6846,0.7289,0.6326,0.0000,0.0000
SkipAll,0.500,6,0.6012,0.2612,0.6519,0.4092,0.6846,0.7289,0.6326,0.0000,0.0000
SkipAll,0.500,7,0.6157,0.2971,0.5774,0.4516,0.6846,0.7289,0.6326,0.0000,0.0000
SkipAll,0.500,8,0.6050,0.2912,0.5771,0.4569,0.6846,0.7289,0.6326,0.0000,0.0000
SkipAll,0.250,1,0.6632,0.2452,0.6632,0.2452,0.5617,0.3572,0.3127,0.0000,0.0000
SkipAll,0.250,2,0.6321,0.2146,0.4753,0.3393,0.5617,0.3572,0.3127,0.0000,0.0000
SkipAll,0.250,3,0.5534,0.2792,0.4117,0.3698,0.5617,0.3572,0.3127,0.0000,0.0000
SkipAll,0.250,4,0.6074,0.2684,0.3690,0.3811,0.5617,0.3572,0.3127,0.0000,0.0000
SkipAll,0.250,5,0.5849,0.2688,0.2971,0.3554,0.5617,0.3572,0.3127,0.0000,0.0000
SkipAll,0.250,6,0.4741,0.2628,0.2311,0.3146,0.5617,0.3572,0.3127,0.0000,0.0000
SkipAll,0.250,7,0.5172,0.2768,0.2027,0.3153,0.5617,0.3572,0.3127,0.0000,0.0000
SkipAll,0.250,8,0.4615,0.2833,0.2074,0.3273,0.5617,0.3572,0.3127,0.0000,0.0000
RoundRobin,0.500,1,0.8960,0.0995,0.8960,0.0995,0.6842,0.7232,0.6870,0.0000,0.0000
RoundRobin,0.500,2,0.7147,0.2164,0.8594,0.2326,0.6842,0.7232,0.6870,0.0000,0.0000
RoundRobin,0.500,3,0.7000,0.2044,0.7812,0.3274,0.6842,0.7232,0.6870,0.0000,0.0000
RoundRobin,0.500,4,0.6810,0.2907,0.7093,0.3679,0.6842,0.7232,0.6870,0.0000,0.0000
RoundRobin,0.500,5,0.6683,0.2797,0.6284,0.4187,0.6842,0.7232,0.6870,0.0000,0.0000
RoundRobin,0.500,6,0.6022,0.2687,0.6582,0.4179,0.6842,0.7232,0.6870,0.0000,0.0000
RoundRobin,0.500,7,0.6131,0.2900,0.6375,0.4434,0.6842,0.7232,0.6870,0.0000,0.0000
RoundRobin,0.500,8,0.5983,0.2808,0.6156,0.4371,0.6842,0.7232,0.6870,0.0000,0.0000
RoundRobin,0.250,1,0.6894,0.2276,0.6894,0.2276,0.6024,0.4228,0.2628,0.0000,0.0000
RoundRobin,0.250,2,0.6601,0.1969,0.6180,0.2946,0.6024,0.4228,0.2628,0.0000,0.0000
RoundRobin,0.250,3,0.5985,0.2139,0.5335,0.3357,0.6024,0.4228,0.2628,0.0000,0.0000
RoundRobin,0.250,4,0.6286,0.2502,0.4905,0.3653,0.6024,0.4228,0.2628,0.0000,0.0000
RoundRobin,0.250,5,0.6449,0.2222,0.3954,0.3625,0.6024,0.4228,0.2628,0.0000,0.0000
RoundRobin,0.250,6,0.5836,0.2474,0.2552,0.3237,0.6024,0.4228,0.2628,0.0000,0.0000
RoundRobin,0.250,7,0.5181,0.2663,0.2196,0.3486,0.6024,0.4228,0.2628,0.0000,0.0000
RoundRobin,0.250,8,0.4961,0.2855,0.1812,0.3039,0.6024,0.4228,0.2628,0.0000,0.0000
Alg1_CosineOut,0.500,1,0.9195,0.0625,0.9195,0.0625,0.6874,0.7541,0.6481,0.0000,0.0000
Alg1_CosineOut,0.500,2,0.7126,0.2281,0.9163,0.1288,0.6874,0.7541,0.6481,0.0000,0.0000
Alg1_CosineOut,0.500,3,0.6854,0.2059,0.8534,0.2663,0.6874,0.7541,0.6481,0.0000,0.0000
Alg1_CosineOut,0.500,4,0.6893,0.2910,0.7790,0.3163,0.6874,0.7541,0.6481,0.0000,0.0000
Alg1_CosineOut,0.500,5,0.6466,0.2858,0.6805,0.4052,0.6874,0.7541,0.6481,0.0000,0.0000
Alg1_CosineOut,0.500,6,0.6090,0.2613,0.6794,0.3914,0.6874,0.7541,0.6481,0.0000,0.0000
Alg1_CosineOut,0.500,7,0.6208,0.2905,0.6084,0.4574,0.6874,0.7541,0.6481,0.0000,0.0000
Alg1_CosineOut,0.500,8,0.6162,0.2879,0.5959,0.4452,0.6874,0.7541,0.6481,0.0000,0.0000
Alg1_CosineOut,0.250,1,0.6545,0.2196,0.6545,0.2196,0.5827,0.3371,0.2682,0.0000,0.0000
Alg1_CosineOut,0.250,2,0.5951,0.2233,0.4545,0.3441,0.5827,0.3371,0.2682,0.0000,0.0000
Alg1_CosineOut,0.250,3,0.6369,0.2123,0.3880,0.3504,0.5827,0.3371,0.2682,0.0000,0.0000
Alg1_CosineOut,0.250,4,0.6078,0.2642,0.3544,0.3804,0.5827,0.3371,0.2682,0.0000,0.0000
Alg1_CosineOut,0.250,5,0.6136,0.2422,0.2568,0.3379,0.5827,0.3371,0.2682,0.0000,0.0000
Alg1_CosineOut,0.250,6,0.5481,0.2448,0.1923,0.3006,0.5827,0.3371,0.2682,0.0000,0.0000
Alg1_CosineOut,0.250,7,0.5347,0.2904,0.2204,0.3359,0.5827,0.3371,0.2682,0.0000,0.0000
Alg1_CosineOut,0.250,8,0.4712,0.2789,0.1755,0.2909,0.5827,0.3371,0.2682,0.0000,0.0000
Alg1_CoAct,0.500,1,0.9060,0.0726,0.9060,0.0726,0.6740,0.7253,0.6056,0.0000,0.0000
Alg1_CoAct,0.500,2,0.7048,0.2372,0.9099,0.1322,0.6740,0.7253,0.6056,0.0000,0.0000
Alg1_CoAct,0.500,3,0.6615,0.2080,0.8178,0.3033,0.6740,0.7253,0.6056,0.0000,0.0000
Alg1_CoAct,0.500,4,0.6798,0.2818,0.7321,0.3606,0.6740,0.7253,0.6056,0.0000,0.0000
Alg1_CoAct,0.500,5,0.6500,0.2845,0.6335,0.4083,0.6740,0.7253,0.6056,0.0000,0.0000
Alg1_CoAct,0.500,6,0.5875,0.2644,0.6561,0.3955,0.6740,0.7253,0.6056,0.0000,0.0000
Alg1_CoAct,0.500,7,0.6085,0.3011,0.5983,0.4393,0.6740,0.7253,0.6056,0.0000,0.0000
Alg1_CoAct,0.500,8,0.5939,0.2915,0.5487,0.4569,0.6740,0.7253,0.6056,0.0000,0.0000
Alg1_CoAct,0.250,1,0.6074,0.2448,0.6074,0.2448,0.5494,0.3186,0.2583,0.0000,0.0000
Alg1_CoAct,0.250,2,0.6196,0.2160,0.4575,0.3200,0.5494,0.3186,0.2583,0.0000,0.0000
Alg1_CoAct,0.250,3,0.5967,0.2456,0.3077,0.3472,0.5494,0.3186,0.2583,0.0000,0.0000
Alg1_CoAct,0.250,4,0.5685,0.2869,0.2913,0.3683,0.5494,0.3186,0.2583,0.0000,0.0000
Alg1_CoAct,0.250,5,0.5621,0.2499,0.2779,0.3193,0.5494,0.3186,0.2583,0.0000,0.0000
Alg1_CoAct,0.250,6,0.5010,0.2520,0.2849,0.3433,0.5494,0.3186,0.2583,0.0000,0.0000
Alg1_CoAct,0.250,7,0.4792,0.2725,0.1654,0.2663,0.5494,0.3186,0.2583,0.0000,0.0000
Alg1_CoAct,0.250,8,0.4609,0.2893,0.1569,0.2748,0.5494,0.3186,0.2583,0.0000,0.0000
Alg1_CondError,0.500,1,0.9235,0.0593,0.9235,0.0593,0.6816,0.7633,0.6793,0.0000,0.0000
Alg1_CondError,0.500,2,0.7196,0.2050,0.9049,0.1340,0.6816,0.7633,0.6793,0.0000,0.0000
Alg1_CondError,0.500,3,0.6695,0.2424,0.8302,0.3016,0.6816,0.7633,0.6793,0.0000,0.0000
Alg1_CondError,0.500,4,0.6702,0.2892,0.7602,0.3300,0.6816,0.7633,0.6793,0.0000,0.0000
Alg1_CondError,0.500,5,0.6546,0.2793,0.7078,0.3855,0.6816,0.7633,0.6793,0.0000,0.0000
Alg1_CondError,0.500,6,0.6043,0.2581,0.7174,0.3691,0.6816,0.7633,0.6793,0.0000,0.0000
Alg1_CondError,0.500,7,0.5961,0.3076,0.6347,0.4458,0.6816,0.7633,0.6793,0.0000,0.0000
Alg1_CondError,0.500,8,0.6149,0.2872,0.6273,0.4488,0.6816,0.7633,0.6793,0.0000,0.0000
Alg1_CondError,0.250,1,0.6717,0.2158,0.6717,0.2158,0.6157,0.3694,0.2552,0.0000,0.0000
Alg1_CondError,0.250,2,0.6577,0.1676,0.5070,0.3327,0.6157,0.3694,0.2552,0.0000,0.0000
Alg1_CondError,0.250,3,0.6810,0.1805,0.4105,0.3756,0.6157,0.3694,0.2552,0.0000,0.0000
Alg1_CondError,0.250,4,0.6565,0.2561,0.3785,0.3864,0.6157,0.3694,0.2552,0.0000,0.0000
Alg1_CondError,0.250,5,0.6612,0.2531,0.3132,0.3557,0.6157,0.3694,0.2552,0.0000,0.0000
Alg1_CondError,0.250,6,0.5523,0.2355,0.2613,0.3647,0.6157,0.3694,0.2552,0.0000,0.0000
Alg1_CondError,0.250,7,0.5541,0.2925,0.2412,0.3688,0.6157,0.3694,0.2552,0.0000,0.0000
Alg1_CondError,0.250,8,0.4913,0.2768,0.1714,0.3121,0.6157,0.3694,0.2552,0.0000,0.0000
Alg1_RouterCorr,0.500,1,0.9045,0.0710,0.9045,0.0710,0.6837,0.7593,0.7320,0.0000,0.0000
Alg1_RouterCorr,0.500,2,0.7160,0.2259,0.8886,0.1855,0.6837,0.7593,0.7320,0.0000,0.0000
Alg1_RouterCorr,0.500,3,0.6867,0.1971,0.7957,0.3321,0.6837,0.7593,0.7320,0.0000,0.0000
Alg1_RouterCorr,0.500,4,0.6793,0.2899,0.7356,0.3535,0.6837,0.7593,0.7320,0.0000,0.0000
Alg1_RouterCorr,0.500,5,0.6557,0.2846,0.7016,0.3888,0.6837,0.7593,0.7320,0.0000,0.0000
Alg1_RouterCorr,0.500,6,0.5955,0.2615,0.7245,0.3593,0.6837,0.7593,0.7320,0.0000,0.0000
Alg1_RouterCorr,0.500,7,0.6232,0.2882,0.6617,0.4162,0.6837,0.7593,0.7320,0.0000,0.0000
Alg1_RouterCorr,0.500,8,0.6085,0.2845,0.6621,0.4220,0.6837,0.7593,0.7320,0.0000,0.0000
Alg1_RouterCorr,0.250,1,0.6304,0.2581,0.6304,0.2581,0.5586,0.3082,0.2423,0.0000,0.0000
Alg1_RouterCorr,0.250,2,0.6382,0.2020,0.4270,0.3200,0.5586,0.3082,0.2423,0.0000,0.0000
Alg1_RouterCorr,0.250,3,0.5781,0.2473,0.3970,0.3437,0.5586,0.3082,0.2423,0.0000,0.0000
Alg1_RouterCorr,0.250,4,0.5784,0.2830,0.2991,0.3511,0.5586,0.3082,0.2423,0.0000,0.0000
Alg1_RouterCorr,0.250,5,0.5735,0.2637,0.2175,0.3260,0.5586,0.3082,0.2423,0.0000,0.0000
Alg1_RouterCorr,0.250,6,0.5095,0.2513,0.1789,0.2917,0.5586,0.3082,0.2423,0.0000,0.0000
Alg1_RouterCorr,0.250,7,0.4902,0.2685,0.1629,0.2600,0.5586,0.3082,0.2423,0.0000,0.0000
Alg1_RouterCorr,0.250,8,0.4708,0.3005,0.1528,0.2425,0.5586,0.3082,0.2423,0.0000,0.0000
W0_NoCorr,0.500,1,0.9235,0.0593,0.9235,0.0593,0.6816,0.7633,0.6793,0.0000,0.0000
W0_NoCorr,0.500,2,0.7196,0.2050,0.9049,0.1340,0.6816,0.7633,0.6793,0.0000,0.0000
W0_NoCorr,0.500,3,0.6695,0.2424,0.8302,0.3016,0.6816,0.7633,0.6793,0.0000,0.0000
W0_NoCorr,0.500,4,0.6702,0.2892,0.7602,0.3300,0.6816,0.7633,0.6793,0.0000,0.0000
W0_NoCorr,0.500,5,0.6546,0.2793,0.7078,0.3855,0.6816,0.7633,0.6793,0.0000,0.0000
W0_NoCorr,0.500,6,0.6043,0.2581,0.7174,0.3691,0.6816,0.7633,0.6793,0.0000,0.0000
W0_NoCorr,0.500,7,0.5961,0.3076,0.6347,0.4458,0.6816,0.7633,0.6793,0.0000,0.0000
W0_NoCorr,0.500,8,0.6149,0.2872,0.6273,0.4488,0.6816,0.7633,0.6793,0.0000,0.0000
W0_NoCorr,0.250,1,0.6717,0.2158,0.6717,0.2158,0.6157,0.3694,0.2552,0.0000,0.0000
W0_NoCorr,0.250,2,0.6577,0.1676,0.5070,0.3327,0.6157,0.3694,0.2552,0.0000,0.0000
W0_NoCorr,0.250,3,0.6810,0.1805,0.4105,0.3756,0.6157,0.3694,0.2552,0.0000,0.0000
W0_NoCorr,0.250,4,0.6565,0.2561,0.3785,0.3864,0.6157,0.3694,0.2552,0.0000,0.0000
W0_NoCorr,0.250,5,0.6612,0.2531,0.3132,0.3557,0.6157,0.3694,0.2552,0.0000,0.0000
W0_NoCorr,0.250,6,0.5523,0.2355,0.2613,0.3647,0.6157,0.3694,0.2552,0.0000,0.0000
W0_NoCorr,0.250,7,0.5541,0.2925,0.2412,0.3688,0.6157,0.3694,0.2552,0.0000,0.0000
W0_NoCorr,0.250,8,0.4913,0.2768,0.1714,0.3121,0.6157,0.3694,0.2552,0.0000,0.0000
W1_SimScale,0.500,1,0.9206,0.0668,0.9206,0.0668,0.6853,0.7601,0.6851,0.0000,0.0000
W1_SimScale,0.500,2,0.7230,0.2076,0.9071,0.1353,0.6853,0.7601,0.6851,0.0000,0.0000
W1_SimScale,0.500,3,0.6852,0.2178,0.8343,0.3013,0.6853,0.7601,0.6851,0.0000,0.0000
W1_SimScale,0.500,4,0.6884,0.2791,0.7706,0.3274,0.6853,0.7601,0.6851,0.0000,0.0000
W1_SimScale,0.500,5,0.6592,0.2798,0.6807,0.4071,0.6853,0.7601,0.6851,0.0000,0.0000
W1_SimScale,0.500,6,0.6028,0.2585,0.7029,0.3875,0.6853,0.7601,0.6851,0.0000,0.0000
W1_SimScale,0.500,7,0.5952,0.3037,0.6338,0.4462,0.6853,0.7601,0.6851,0.0000,0.0000
W1_SimScale,0.500,8,0.6085,0.2863,0.6307,0.4507,0.6853,0.7601,0.6851,0.0000,0.0000
W1_SimScale,0.250,1,0.7037,0.2097,0.7037,0.2097,0.6188,0.4008,0.2961,0.0000,0.0000
W1_SimScale,0.250,2,0.6625,0.1825,0.5597,0.3135,0.6188,0.4008,0.2961,0.0000,0.0000
W1_SimScale,0.250,3,0.6599,0.1820,0.4473,0.3549,0.6188,0.4008,0.2961,0.0000,0.0000
W1_SimScale,0.250,4,0.6482,0.2570,0.4335,0.3994,0.6188,0.4008,0.2961,0.0000,0.0000
W1_SimScale,0.250,5,0.6476,0.2455,0.3228,0.3502,0.6188,0.4008,0.2961,0.0000,0.0000
W1_SimScale,0.250,6,0.5608,0.2466,0.2743,0.3600,0.6188,0.4008,0.2961,0.0000,0.0000
W1_SimScale,0.250,7,0.5570,0.2913,0.2571,0.3582,0.6188,0.4008,0.2961,0.0000,0.0000
W1_SimScale,0.250,8,0.5106,0.2651,0.2084,0.3288,0.6188,0.4008,0.2961,0.0000,0.0000
W2_HitRenorm,0.500,1,0.9115,0.0726,0.9115,0.0726,0.6853,0.7254,0.6366,0.0000,0.0000
W2_HitRenorm,0.500,2,0.7092,0.2375,0.9149,0.1153,0.6853,0.7254,0.6366,0.0000,0.0000
W2_HitRenorm,0.500,3,0.6980,0.1869,0.8108,0.3236,0.6853,0.7254,0.6366,0.0000,0.0000
W2_HitRenorm,0.500,4,0.6851,0.2894,0.7323,0.3555,0.6853,0.7254,0.6366,0.0000,0.0000
W2_HitRenorm,0.500,5,0.6542,0.2853,0.6277,0.4369,0.6853,0.7254,0.6366,0.0000,0.0000
W2_HitRenorm,0.500,6,0.6010,0.2613,0.6485,0.4069,0.6853,0.7254,0.6366,0.0000,0.0000
W2_HitRenorm,0.500,7,0.6184,0.2941,0.5771,0.4515,0.6853,0.7254,0.6366,0.0000,0.0000
W2_HitRenorm,0.500,8,0.6048,0.2910,0.5803,0.4588,0.6853,0.7254,0.6366,0.0000,0.0000
W2_HitRenorm,0.250,1,0.6595,0.2439,0.6595,0.2439,0.5604,0.3678,0.3163,0.0000,0.0000
W2_HitRenorm,0.250,2,0.6317,0.2146,0.5141,0.3438,0.5604,0.3678,0.3163,0.0000,0.0000
W2_HitRenorm,0.250,3,0.5505,0.2832,0.4141,0.3710,0.5604,0.3678,0.3163,0.0000,0.0000
W2_HitRenorm,0.250,4,0.6077,0.2680,0.3693,0.3848,0.5604,0.3678,0.3163,0.0000,0.0000
W2_HitRenorm,0.250,5,0.5811,0.2704,0.2956,0.3563,0.5604,0.3678,0.3163,0.0000,0.0000
W2_HitRenorm,0.250,6,0.4733,0.2627,0.2524,0.3230,0.5604,0.3678,0.3163,0.0000,0.0000
W2_HitRenorm,0.250,7,0.5187,0.2785,0.2287,0.3440,0.5604,0.3678,0.3163,0.0000,0.0000
W2_HitRenorm,0.250,8,0.4608,0.2823,0.2086,0.3366,0.5604,0.3678,0.3163,0.0000,0.0000
W3_UniformRedist,0.500,1,0.9126,0.0706,0.9126,0.0706,0.6862,0.7227,0.6387,0.0000,0.0000
W3_UniformRedist,0.500,2,0.7158,0.2282,0.9176,0.1228,0.6862,0.7227,0.6387,0.0000,0.0000
W3_UniformRedist,0.500,3,0.6907,0.1869,0.8065,0.3282,0.6862,0.7227,0.6387,0.0000,0.0000
W3_UniformRedist,0.500,4,0.6918,0.2904,0.7143,0.3767,0.6862,0.7227,0.6387,0.0000,0.0000
W3_UniformRedist,0.500,5,0.6548,0.2821,0.6294,0.4375,0.6862,0.7227,0.6387,0.0000,0.0000
W3_UniformRedist,0.500,6,0.6023,0.2602,0.6487,0.4083,0.6862,0.7227,0.6387,0.0000,0.0000
W3_UniformRedist,0.500,7,0.6169,0.2956,0.5694,0.4593,0.6862,0.7227,0.6387,0.0000,0.0000
W3_UniformRedist,0.500,8,0.6046,0.2904,0.5829,0.4549,0.6862,0.7227,0.6387,0.0000,0.0000
W3_UniformRedist,0.250,1,0.6881,0.2419,0.6881,0.2419,0.5833,0.4372,0.3612,0.0000,0.0000
W3_UniformRedist,0.250,2,0.6233,0.2162,0.6058,0.3080,0.5833,0.4372,0.3612,0.0000,0.0000
W3_UniformRedist,0.250,3,0.5851,0.2615,0.5614,0.3426,0.5833,0.4372,0.3612,0.0000,0.0000
W3_UniformRedist,0.250,4,0.6145,0.2665,0.4662,0.3970,0.5833,0.4372,0.3612,0.0000,0.0000
W3_UniformRedist,0.250,5,0.6303,0.2636,0.3870,0.3670,0.5833,0.4372,0.3612,0.0000,0.0000
W3_UniformRedist,0.250,6,0.4904,0.2496,0.2908,0.3577,0.5833,0.4372,0.3612,0.0000,0.0000
W3_UniformRedist,0.250,7,0.5371,0.2850,0.2501,0.3615,0.5833,0.4372,0.3612,0.0000,0.0000
W3_UniformRedist,0.250,8,0.4980,0.2727,0.2485,0.3517,0.5833,0.4372,0.3612,0.0000,0.0000
W4_TopHitRedist,0.500,1,0.8758,0.1079,0.8758,0.1079,0.6672,0.7098,0.6992,0.0000,0.0000
W4_TopHitRedist,0.500,2,0.7128,0.2212,0.8643,0.1764,0.6672,0.7098,0.6992,0.0000,0.0000
W4_TopHitRedist,0.500,3,0.6803,0.1967,0.8205,0.2655,0.6672,0.7098,0.6992,0.0000,0.0000
W4_TopHitRedist,0.500,4,0.6521,0.2930,0.6969,0.3572,0.6672,0.7098,0.6992,0.0000,0.0000
W4_TopHitRedist,0.500,5,0.6590,0.2793,0.6138,0.4187,0.6672,0.7098,0.6992,0.0000,0.0000
W4_TopHitRedist,0.500,6,0.5788,0.2676,0.6044,0.4187,0.6672,0.7098,0.6992,0.0000,0.0000
W4_TopHitRedist,0.500,7,0.5902,0.2938,0.5905,0.4357,0.6672,0.7098,0.6992,0.0000,0.0000
W4_TopHitRedist,0.500,8,0.5882,0.2878,0.6124,0.4391,0.6672,0.7098,0.6992,0.0000,0.0000
W4_TopHitRedist,0.250,1,0.4854,0.2724,0.4854,0.2724,0.4463,0.1717,0.0957,0.0000,0.0000
W4_TopHitRedist,0.250,2,0.5407,0.2445,0.3087,0.3032,0.4463,0.1717,0.0957,0.0000,0.0000
W4_TopHitRedist,0.250,3,0.4806,0.2830,0.1670,0.2455,0.4463,0.1717,0.0957,0.0000,0.0000
W4_TopHitRedist,0.250,4,0.5000,0.2887,0.1096,0.2076,0.4463,0.1717,0.0957,0.0000,0.0000
W4_TopHitRedist,0.250,5,0.4922,0.2560,0.1446,0.2594,0.4463,0.1717,0.0957,0.0000,0.0000
W4_TopHitRedist,0.250,6,0.3740,0.2651,0.0730,0.1046,0.4463,0.1717,0.0957,0.0000,0.0000
W4_TopHitRedist,0.250,7,0.3445,0.2580,0.0387,0.0415,0.4463,0.1717,0.0957,0.0000,0.0000
W4_TopHitRedist,0.250,8,0.3533,0.2823,0.0465,0.0960,0.4463,0.1717,0.0957,0.0000,0.0000
Alg2_EntropyBias,0.500,1,0.9400,0.0456,0.9400,0.0456,0.6868,0.8229,0.7268,0.0000,0.0000
Alg2_EntropyBias,0.500,2,0.7075,0.2283,0.9357,0.0738,0.6868,0.8229,0.7268,0.0000,0.0000
Alg2_EntropyBias,0.500,3,0.6770,0.2172,0.8969,0.2345,0.6868,0.8229,0.7268,0.0000,0.0000
Alg2_EntropyBias,0.500,4,0.6786,0.2797,0.8448,0.2594,0.6868,0.8229,0.7268,0.0000,0.0000
Alg2_EntropyBias,0.500,5,0.6494,0.2852,0.7781,0.3411,0.6868,0.8229,0.7268,0.0000,0.0000
Alg2_EntropyBias,0.500,6,0.6044,0.2565,0.8020,0.3102,0.6868,0.8229,0.7268,0.0000,0.0000
Alg2_EntropyBias,0.500,7,0.6168,0.2818,0.7029,0.4163,0.6868,0.8229,0.7268,0.0000,0.0000
Alg2_EntropyBias,0.500,8,0.6206,0.2836,0.6832,0.4215,0.6868,0.8229,0.7268,0.0000,0.0000
Alg2_EntropyBias,0.250,1,0.8505,0.1277,0.8505,0.1277,0.6558,0.5761,0.4594,0.0000,0.0000
Alg2_EntropyBias,0.250,2,0.6906,0.2012,0.7531,0.2570,0.6558,0.5761,0.4594,0.0000,0.0000
Alg2_EntropyBias,0.250,3,0.6399,0.2132,0.6917,0.3410,0.6558,0.5761,0.4594,0.0000,0.0000
Alg2_EntropyBias,0.250,4,0.6564,0.2734,0.6097,0.3954,0.6558,0.5761,0.4594,0.0000,0.0000
Alg2_EntropyBias,0.250,5,0.6330,0.2768,0.5050,0.4218,0.6558,0.5761,0.4594,0.0000,0.0000
Alg2_EntropyBias,0.250,6,0.5906,0.2554,0.4293,0.4233,0.6558,0.5761,0.4594,0.0000,0.0000
Alg2_EntropyBias,0.250,7,0.5970,0.2783,0.3791,0.4377,0.6558,0.5761,0.4594,0.0000,0.0000
Alg2_EntropyBias,0.250,8,0.5887,0.3009,0.3907,0.4179,0.6558,0.5761,0.4594,0.0000,0.0000
Alg3_RouterMerge,0.500,1,0.9159,0.0547,0.9159,0.0547,0.6856,0.7271,0.6517,0.0000,0.0000
Alg3_RouterMerge,0.500,2,0.7164,0.2207,0.9087,0.1292,0.6856,0.7271,0.6517,0.0000,0.0000
Alg3_RouterMerge,0.500,3,0.6960,0.1881,0.8048,0.3311,0.6856,0.7271,0.6517,0.0000,0.0000
Alg3_RouterMerge,0.500,4,0.6825,0.2920,0.7193,0.3640,0.6856,0.7271,0.6517,0.0000,0.0000
Alg3_RouterMerge,0.500,5,0.6565,0.2860,0.6209,0.4361,0.6856,0.7271,0.6517,0.0000,0.0000
Alg3_RouterMerge,0.500,6,0.5974,0.2595,0.6533,0.4092,0.6856,0.7271,0.6517,0.0000,0.0000
Alg3_RouterMerge,0.500,7,0.6128,0.3011,0.5968,0.4585,0.6856,0.7271,0.6517,0.0000,0.0000
Alg3_RouterMerge,0.500,8,0.6075,0.2886,0.5969,0.4575,0.6856,0.7271,0.6517,0.0000,0.0000
Alg3_RouterMerge,0.250,1,0.6451,0.2514,0.6451,0.2514,0.5582,0.3549,0.2482,0.0000,0.0000
Alg3_RouterMerge,0.250,2,0.6116,0.2224,0.5252,0.3135,0.5582,0.3549,0.2482,0.0000,0.0000
Alg3_RouterMerge,0.250,3,0.5262,0.2766,0.4312,0.3502,0.5582,0.3549,0.2482,0.0000,0.0000
Alg3_RouterMerge,0.250,4,0.5591,0.3164,0.4003,0.3909,0.5582,0.3549,0.2482,0.0000,0.0000
Alg3_RouterMerge,0.250,5,0.6082,0.2655,0.2904,0.3543,0.5582,0.3549,0.2482,0.0000,0.0000
Alg3_RouterMerge,0.250,6,0.4866,0.2566,0.2333,0.3311,0.5582,0.3549,0.2482,0.0000,0.0000
Alg3_RouterMerge,0.250,7,0.5320,0.2700,0.1537,0.2696,0.5582,0.3549,0.2482,0.0000,0.0000
Alg3_RouterMerge,0.250,8,0.4967,0.2816,0.1601,0.2906,0.5582,0.3549,0.2482,0.0000,0.0000
Alg4_ErrorBudget,0.500,1,0.9147,0.0625,0.9147,0.0625,0.6863,0.7747,0.7171,0.0000,0.0000
Alg4_ErrorBudget,0.500,2,0.7169,0.2149,0.9144,0.1281,0.6863,0.7747,0.7171,0.0000,0.0000
Alg4_ErrorBudget,0.500,3,0.6905,0.2025,0.8501,0.2773,0.6863,0.7747,0.7171,0.0000,0.0000
Alg4_ErrorBudget,0.500,4,0.6779,0.2962,0.7580,0.3403,0.6863,0.7747,0.7171,0.0000,0.0000
Alg4_ErrorBudget,0.500,5,0.6400,0.2863,0.7083,0.3952,0.6863,0.7747,0.7171,0.0000,0.0000
Alg4_ErrorBudget,0.500,6,0.6021,0.2633,0.7293,0.3649,0.6863,0.7747,0.7171,0.0000,0.0000
Alg4_ErrorBudget,0.500,7,0.6256,0.2843,0.6670,0.4370,0.6863,0.7747,0.7171,0.0000,0.0000
Alg4_ErrorBudget,0.500,8,0.6223,0.2816,0.6559,0.4250,0.6863,0.7747,0.7171,0.0000,0.0000
Alg4_ErrorBudget,0.250,1,0.6331,0.2318,0.6331,0.2318,0.5757,0.3219,0.2670,0.0000,0.0000
Alg4_ErrorBudget,0.250,2,0.6270,0.2129,0.4756,0.3233,0.5757,0.3219,0.2670,0.0000,0.0000
Alg4_ErrorBudget,0.250,3,0.6217,0.2237,0.3369,0.3384,0.5757,0.3219,0.2670,0.0000,0.0000
Alg4_ErrorBudget,0.250,4,0.5949,0.2513,0.3093,0.3671,0.5757,0.3219,0.2670,0.0000,0.0000
Alg4_ErrorBudget,0.250,5,0.5777,0.2628,0.2335,0.3137,0.5757,0.3219,0.2670,0.0000,0.0000
Alg4_ErrorBudget,0.250,6,0.5446,0.2437,0.2112,0.3007,0.5757,0.3219,0.2670,0.0000,0.0000
Alg4_ErrorBudget,0.250,7,0.5310,0.2941,0.2065,0.3277,0.5757,0.3219,0.2670,0.0000,0.0000
Alg4_ErrorBudget,0.250,8,0.4756,0.2804,0.1691,0.2742,0.5757,0.3219,0.2670,0.0000,0.0000
Alg5_Bandit,0.500,1,0.9082,0.0595,0.9215,0.0611,0.6883,0.7631,0.6744,0.0000,0.0000
Alg5_Bandit,0.500,2,0.7256,0.2136,0.8897,0.1867,0.6883,0.7631,0.6744,0.0000,0.0000
Alg5_Bandit,0.500,3,0.6881,0.2053,0.8064,0.3137,0.6883,0.7631,0.6744,0.0000,0.0000
Alg5_Bandit,0.500,4,0.6866,0.2819,0.7290,0.3562,0.6883,0.7631,0.6744,0.0000,0.0000
Alg5_Bandit,0.500,5,0.6590,0.2748,0.7143,0.3732,0.6883,0.7631,0.6744,0.0000,0.0000
Alg5_Bandit,0.500,6,0.6117,0.2692,0.7585,0.3387,0.6883,0.7631,0.6744,0.0000,0.0000
Alg5_Bandit,0.500,7,0.6201,0.2931,0.6642,0.4242,0.6883,0.7631,0.6744,0.0000,0.0000
Alg5_Bandit,0.500,8,0.6071,0.2861,0.6215,0.4363,0.6883,0.7631,0.6744,0.0000,0.0000
Alg5_Bandit,0.250,1,0.6591,0.2372,0.6801,0.2147,0.6076,0.3377,0.1733,0.0000,0.0000
Alg5_Bandit,0.250,2,0.6619,0.1780,0.5207,0.3430,0.6076,0.3377,0.1733,0.0000,0.0000
Alg5_Bandit,0.250,3,0.6791,0.1773,0.4658,0.3390,0.6076,0.3377,0.1733,0.0000,0.0000
Alg5_Bandit,0.250,4,0.6481,0.2588,0.3334,0.3525,0.6076,0.3377,0.1733,0.0000,0.0000
Alg5_Bandit,0.250,5,0.6498,0.2507,0.2272,0.3333,0.6076,0.3377,0.1733,0.0000,0.0000
Alg5_Bandit,0.250,6,0.5542,0.2357,0.1953,0.3040,0.6076,0.3377,0.1733,0.0000,0.0000
Alg5_Bandit,0.250,7,0.5301,0.2874,0.1612,0.3066,0.6076,0.3377,0.1733,0.0000,0.0000
Alg5_Bandit,0.250,8,0.4782,0.2668,0.1179,0.2391,0.6076,0.3377,0.1733,0.0000,0.0000
StaticEBB,0.500,1,0.9118,0.0656,0.9118,0.0656,0.6846,0.7682,0.7147,0.7578,0.9688
StaticEBB,0.500,2,0.7251,0.2132,0.9139,0.1181,0.6846,0.7682,0.7147,0.7578,0.9688
StaticEBB,0.500,3,0.6989,0.1872,0.8352,0.2991,0.6846,0.7682,0.7147,0.7578,0.9688
StaticEBB,0.500,4,0.6667,0.2984,0.7720,0.3386,0.6846,0.7682,0.7147,0.7578,0.9688
StaticEBB,0.500,5,0.6544,0.2851,0.6805,0.4098,0.6846,0.7682,0.7147,0.7578,0.9688
StaticEBB,0.500,6,0.5972,0.2637,0.7198,0.3718,0.6846,0.7682,0.7147,0.7578,0.9688
StaticEBB,0.500,7,0.6179,0.2900,0.6610,0.4376,0.6846,0.7682,0.7147,0.7578,0.9688
StaticEBB,0.500,8,0.6045,0.2872,0.6516,0.4370,0.6846,0.7682,0.7147,0.7578,0.9688
StaticEBB,0.250,1,0.6391,0.2637,0.6391,0.2637,0.5701,0.3833,0.3502,1.0000,1.0000
StaticEBB,0.250,2,0.6304,0.2152,0.5111,0.3136,0.5701,0.3833,0.3502,1.0000,1.0000
StaticEBB,0.250,3,0.5740,0.2690,0.5141,0.3692,0.5701,0.3833,0.3502,1.0000,1.0000
StaticEBB,0.250,4,0.6009,0.2789,0.4342,0.3670,0.5701,0.3833,0.3502,1.0000,1.0000
StaticEBB,0.250,5,0.6002,0.2498,0.3181,0.3555,0.5701,0.3833,0.3502,1.0000,1.0000
StaticEBB,0.250,6,0.5055,0.2569,0.2473,0.3404,0.5701,0.3833,0.3502,1.0000,1.0000
StaticEBB,0.250,7,0.5142,0.2810,0.1786,0.3075,0.5701,0.3833,0.3502,1.0000,1.0000
StaticEBB,0.250,8,0.4963,0.3023,0.2238,0.3302,0.5701,0.3833,0.3502,1.0000,1.0000
OnlineAB,0.500,1,0.9155,0.0682,0.9135,0.0737,0.6861,0.7831,0.7507,0.5195,0.9609
OnlineAB,0.500,2,0.7119,0.2368,0.9185,0.1154,0.6861,0.7831,0.7507,0.5195,0.9609
OnlineAB,0.500,3,0.6950,0.1874,0.8327,0.2974,0.6861,0.7831,0.7507,0.5195,0.9609
OnlineAB,0.500,4,0.6869,0.2917,0.7732,0.3319,0.6861,0.7831,0.7507,0.5195,0.9609
OnlineAB,0.500,5,0.6538,0.2870,0.7118,0.3963,0.6861,0.7831,0.7507,0.5195,0.9609
OnlineAB,0.500,6,0.6010,0.2576,0.7406,0.3579,0.6861,0.7831,0.7507,0.5195,0.9609
OnlineAB,0.500,7,0.6160,0.2937,0.6891,0.4177,0.6861,0.7831,0.7507,0.5195,0.9609
OnlineAB,0.500,8,0.6088,0.2901,0.6858,0.4283,0.6861,0.7831,0.7507,0.5195,0.9609
OnlineAB,0.250,1,0.6598,0.2558,0.6503,0.2566,0.5865,0.3553,0.2358,1.0000,1.0000
OnlineAB,0.250,2,0.6470,0.2051,0.5030,0.3276,0.5865,0.3553,0.2358,1.0000,1.0000
OnlineAB,0.250,3,0.6040,0.2672,0.4574,0.3804,0.5865,0.3553,0.2358,1.0000,1.0000
OnlineAB,0.250,4,0.5948,0.2935,0.4028,0.3721,0.5865,0.3553,0.2358,1.0000,1.0000
OnlineAB,0.250,5,0.6220,0.2784,0.2788,0.3216,0.5865,0.3553,0.2358,1.0000,1.0000
OnlineAB,0.250,6,0.5024,0.2485,0.2103,0.3237,0.5865,0.3553,0.2358,1.0000,1.0000
OnlineAB,0.250,7,0.5364,0.2737,0.1865,0.3110,0.5865,0.3553,0.2358,1.0000,1.0000
OnlineAB,0.250,8,0.5259,0.2885,0.1533,0.2919,0.5865,0.3553,0.2358,1.0000,1.0000
HybridCP,0.500,1,0.9128,0.0867,0.9128,0.0867,0.6882,0.8007,0.7559,0.0000,0.0000
HybridCP,0.500,2,0.7287,0.2111,0.9144,0.1094,0.6882,0.8007,0.7559,0.0000,0.0000
HybridCP,0.500,3,0.6873,0.2211,0.8672,0.2550,0.6882,0.8007,0.7559,0.0000,0.0000
HybridCP,0.500,4,0.6882,0.2904,0.7988,0.3021,0.6882,0.8007,0.7559,0.0000,0.0000
HybridCP,0.500,5,0.6618,0.2818,0.7396,0.3716,0.6882,0.8007,0.7559,0.0000,0.0000
HybridCP,0.500,6,0.6116,0.2632,0.7722,0.3499,0.6882,0.8007,0.7559,0.0000,0.0000
HybridCP,0.500,7,0.6107,0.2973,0.7107,0.4054,0.6882,0.8007,0.7559,0.0000,0.0000
HybridCP,0.500,8,0.6046,0.2867,0.6899,0.4181,0.6882,0.8007,0.7559,0.0000,0.0000
HybridCP,0.250,1,0.7158,0.2064,0.7158,0.2064,0.6148,0.4802,0.4554,0.0000,0.0000
HybridCP,0.250,2,0.6785,0.1952,0.6587,0.2785,0.6148,0.4802,0.4554,0.0000,0.0000
HybridCP,0.250,3,0.6167,0.1989,0.5450,0.3497,0.6148,0.4802,0.4554,0.0000,0.0000
HybridCP,0.250,4,0.6546,0.2697,0.5091,0.3887,0.6148,0.4802,0.4554,0.0000,0.0000
HybridCP,0.250,5,0.6390,0.2530,0.4249,0.3865,0.6148,0.4802,0.4554,0.0000,0.0000
HybridCP,0.250,6,0.5744,0.2528,0.3467,0.3982,0.6148,0.4802,0.4554,0.0000,0.0000
HybridCP,0.250,7,0.5613,0.2901,0.3155,0.3926,0.6148,0.4802,0.4554,0.0000,0.0000
HybridCP,0.250,8,0.4784,0.2695,0.3260,0.3823,0.6148,0.4802,0.4554,0.0000,0.0000
